Sample,Total Profit
0,-0.33163800000147603
1,0.436796999998478
2,-0.33163800000147603
3,-0.33163800000147603
4,-0.33163800000147603
5,-0.33163800000147603
6,-0.33163800000147603
7,-0.33163800000147603
8,0.436796999998478
9,-0.33163800000147603
