Sample,Total Profit
0,0.6875499999987369
1,0.6875499999987369
2,0.6875499999987369
3,2.4266349999979866
4,2.4266349999979866
5,2.4266349999979866
6,0.6875499999987369
7,2.4266349999979866
8,0.6875499999987369
9,0.6875499999987369
