Sample,Total Profit
0,0.7037240000008751
1,-11.874285999998392
2,-20.966052000001582
3,0.6551960000015242
4,-19.61522999999943
5,1.1000770000009652
6,1.075808000001416
7,-12.594190999998318
8,-5.831990999999107
9,1.075808000001416
