Sample,Total Profit
0,0.44487500000104774
1,0.44487500000104774
2,0.6066500000015367
3,0.6875400000008085
4,-0.4448849999989761
5,0.6875400000008085
6,0.6066500000015367
7,0.9302000000006956
8,-0.4448849999989761
9,-0.4448849999989761
