Sample,Total Profit
0,-10.709516999999323
1,-10.709516999999323
2,-10.709516999999323
3,-10.709516999999323
4,-10.733780000000479
5,-10.709516999999323
6,-10.709516999999323
7,-10.709512999999788
8,-10.685249999998632
9,-7.805653000001257
