Sample,Total Profit
0,0
1,0.7684399999998277
2,0.7684399999998277
3,0
4,0
5,0
6,0
7,0
8,0
9,0
