Sample,Total Profit
0,-0.0808870000000752
1,-0.404435000000376
2,0
3,0.20221499999934167
4,0
5,0
6,-0.404435000000376
7,0
8,0
9,-1.2133099999991828
