Sample,Total Profit
0,-2.370004999997036
1,-2.370004999997036
2,-2.370004999997036
3,-2.370004999997036
4,-2.370004999997036
5,-3.825982999998814
6,-2.370004999997036
7,-2.370004999997036
8,-3.6318499999997584
9,-3.825982999998814
