Sample,Total Profit
0,1.310381999999663
1,0
2,0
3,0
4,0.17795200000000477
5,0
6,0
7,0
8,0
9,0
