Sample,Total Profit
0,-16.363554999998087
1,-16.080447999996977
2,-16.363554999998087
3,0.43679100000190374
4,-16.363554999998087
5,-16.363554999998087
6,0.5904790000022331
7,0.7441670000025624
8,-16.201781999998275
9,1.3912700000018958
