Sample,Total Profit
0,0
1,-0.48532500000146683
2,0
3,0
4,0
5,-0.48532500000146683
6,-0.48532500000146683
7,0
8,0
9,0
