Sample,Total Profit
0,1.0515349999986938
1,1.6986399999987043
2,1.6986399999987043
3,1.6986399999987043
4,1.6986399999987043
5,1.8199749999985215
6,1.6986399999987043
7,1.6986399999987043
8,1.6986399999987043
9,1.6986399999987043
