Sample,Total Profit
0,1.4155399999981455
1,1.4155399999981455
2,1.4155399999981455
3,1.4155399999981455
4,1.4155399999981455
5,1.4155399999981455
6,1.4155399999981455
7,1.4155399999981455
8,1.4155399999981455
9,1.4155399999981455
