Sample,Total Profit
0,0
1,0
2,0.3235499999991589
3,0
4,0
5,0
6,0.3235499999991589
7,0
8,0
9,0
