Sample,Total Profit
0,1.5368749999979627
1,1.4883409999983996
2,1.5368749999979627
3,1.5368749999979627
4,1.4640739999977086
5,1.4640739999977086
6,1.5368749999979627
7,1.4398069999988365
8,1.5368749999979627
9,1.5368749999979627
