Day,Profit
0,0
1,0
2,0
3,0
4,0
5,0
6,0
7,0
8,0
9,-3.11417099999926
10,0.21839700000055018
11,0.21839700000055018
12,0.21839700000055018
13,0.21839700000055018
14,0.21839700000055018
15,0.21839700000055018
16,0.21839700000055018
17,-3.866425000000163
18,0.4529710000006162
19,0.4529710000006162
20,0.4529710000006162
21,0.4529710000006162
22,0.4529710000006162
23,0.4529710000006162
