Day,Profit
0,0
1,0
2,0
3,0
4,0
5,0
6,0
7,0
8,0
9,-15.570854999999938
10,-15.570854999999938
11,-15.570854999999938
12,0.768434999999954
13,0.768434999999954
14,0.768434999999954
15,0.768434999999954
16,0.768434999999954
17,0.768434999999954
18,0.768434999999954
19,0.768434999999954
20,0.768434999999954
21,0.768434999999954
22,-19.857884999999442
23,-19.857884999999442
