Day,Profit
0,0
1,0
2,0
3,0
4,0
5,0
6,0
7,0
8,0
9,-15.570854999999938
10,-32.23369500000081
11,-16.056180000001405
12,0.2831099999984872
13,0.2831099999984872
14,0.2831099999984872
15,0.2831099999984872
16,0.2831099999984872
17,0.2831099999984872
18,-4.036286000002292
19,-8.379949000001943
20,-0.09706300000107149
21,-0.09706300000107149
22,-0.09706300000107149
