Day,Profit
0,0
1,-3.4134549999998853
2,-6.810731999999916
3,-10.361697000000277
4,0.14559600000029604
5,-3.542876999999862
6,0.307371000000785
7,-3.5752319999992324
8,-0.14559899999949266
9,-3.2597699999987526
10,-6.592337999998563
11,-9.827840999998443
12,-0.024266999998872052
13,-0.024266999998872052
14,-4.343662999999651
15,-8.687325999999302
16,-0.4044399999984307
17,-4.4730839999992895
18,-0.34781999999904656
