Day,Profit
0,0
1,0
2,0
3,0
4,0
5,0
6,-19.251239999999598
7,0.16177500000048894
8,0.16177500000048894
9,0.16177500000048894
10,-16.50106500000038
11,-0.3235500000009779
12,-0.3235500000009779
13,-4.1010000000005675
14,-0.2264869999999064
15,-0.2264869999999064
16,-21.41903199999979
17,-41.843141999999716
18,-63.440121999999974
19,-41.7218069999999
20,-21.01459199999954
21,-21.01459199999954
22,-0.3882720000001427
23,-0.3882720000001427
