Day,Profit
0,0
1,0
2,0
3,0
4,0
5,0
6,0
7,0
8,0
9,0
10,0
11,-3.2355029999998806
12,0.03235499999937019
13,0.03235499999937019
14,0.03235499999937019
15,0.03235499999937019
16,0.03235499999937019
17,0.03235499999937019
18,-21.564625000000888
19,-43.28294000000096
20,-63.99015500000132
21,-84.33337500000198
22,-104.95969500000137
23,-126.07135000000198
