Day,Profit
0,0
1,0
2,0
3,0
4,0
5,0
6,0
7,0
8,-3.4296329999997397
9,-3.4296329999997397
10,-3.4296329999997397
11,-0.19412999999985914
12,-0.19412999999985914
13,-0.19412999999985914
14,-0.19412999999985914
15,-0.19412999999985914
16,-0.19412999999985914
17,-0.19412999999985914
18,-0.19412999999985914
19,-0.19412999999985914
20,-0.19412999999985914
21,-0.19412999999985914
22,-0.19412999999985914
23,-0.19412999999985914
