Day,Profit
0,0
1,0
2,0
3,0
4,0
5,0
6,0
7,0
8,0
9,-15.570854999999938
10,1.091985000000932
11,1.091985000000932
12,1.091985000000932
13,1.091985000000932
14,1.091985000000932
15,1.091985000000932
16,1.091985000000932
17,-19.332124999998996
18,2.264855000001262
19,2.264855000001262
20,2.264855000001262
21,2.264855000001262
22,2.264855000001262
23,2.264855000001262
