Day,Profit
0,0
1,0
2,0
3,0
4,0
5,0
6,0
7,0
8,0
9,0
10,-16.66284000000087
11,-32.84035500000027
12,-16.50106500000038
13,2.3861849999993865
14,2.3861849999993865
15,2.3861849999993865
16,2.3861849999993865
17,2.3861849999993865
18,2.3861849999993865
19,-19.33213000000069
20,1.3750849999996717
21,1.3750849999996717
22,-2.7501790000005712
23,-2.7501790000005712
