Day,Profit
0,0
1,0
2,0
3,0
4,0
5,0
6,-19.251239999999598
7,0.16177500000048894
8,0.16177500000048894
9,0.16177500000048894
10,-16.50106500000038
11,-0.3235500000009779
12,-0.3235500000009779
13,-4.1010000000005675
14,-0.2264869999999064
15,-0.2264869999999064
16,-0.2264869999999064
17,-0.2264869999999064
18,-21.823467000000164
19,-21.823467000000164
20,-1.116251999999804
21,-1.116251999999804
22,-1.116251999999804
23,-1.116251999999804
