Day,Profit
0,0
1,0
2,0
3,0
4,0
5,0
6,0
7,0
8,0
9,-15.570854999999938
10,-15.570854999999938
11,-15.570854999999938
12,0.768434999999954
13,0.768434999999954
14,0.768434999999954
15,0.768434999999954
16,0.768434999999954
17,0.768434999999954
18,0.768434999999954
19,-20.94988000000012
20,-0.24266499999976077
21,-0.24266499999976077
22,-20.868984999999157
23,0.24267000000145345
