Day,Profit
0,0
1,0
2,0
3,0
4,0
5,0
6,0
7,0
8,0
9,0
10,-3.33256799999981
11,-0.09706499999992957
12,-0.09706499999992957
13,-0.09706499999992957
14,-0.09706499999992957
15,-0.09706499999992957
16,-0.09706499999992957
17,-0.09706499999992957
18,-0.09706499999992957
19,-0.09706499999992957
20,-0.09706499999992957
21,-0.09706499999992957
22,-0.09706499999992957
23,-0.09706499999992957
