Day,Profit
0,0
1,0
2,0
3,0
4,0
5,0
6,0
7,0
8,-17.148165000000517
9,-32.719020000000455
10,-32.719020000000455
11,-16.541505000001052
12,-0.20221500000116066
13,-0.20221500000116066
14,-0.20221500000116066
15,-0.20221500000116066
16,-0.20221500000116066
17,-0.20221500000116066
18,-0.20221500000116066
19,-0.20221500000116066
20,-0.20221500000116066
21,-0.20221500000116066
22,-4.327479000001404
23,-0.10514800000055402
