Day,Profit
0,0
1,0
2,0
3,0
4,0
5,0
6,0
7,0
8,-17.148165000000517
9,-1.5773100000005797
10,-18.24015000000145
11,-34.41766500000085
12,-18.07837500000096
13,0.8088749999988067
14,0.8088749999988067
15,0.8088749999988067
16,0.8088749999988067
17,-19.61523500000112
18,-23.9346310000019
19,-28.27829400000155
20,-48.98550900000191
21,-69.32872900000257
22,-89.95504900000196
23,-111.06670400000257
