Day,Profit
0,0
1,0
2,0
3,0
4,0
5,0
6,0
7,0
8,0
9,-15.570854999999938
10,-32.23369500000081
11,-16.056180000001405
12,0.2831099999984872
13,0.2831099999984872
14,0.2831099999984872
15,0.2831099999984872
16,-20.909435000001395
17,-41.33354500000132
18,-19.736565000001065
19,1.9817499999990105
20,1.9817499999990105
21,1.9817499999990105
22,1.9817499999990105
23,1.9817499999990105
