Day,Profit
0,0
1,0
2,0
3,-3.5509650000003603
4,-0.04853399999956309
5,-3.7370069999997213
6,0.11324100000092585
7,-3.7693619999990915
8,-0.3397289999993518
9,-3.4538999999986117
10,-6.786467999998422
11,-0.31546199999866076
12,-0.31546199999866076
13,-4.189974999999322
14,-4.189974999999322
15,0.04853400000138208
16,-4.036287999999331
17,-8.35568400000011
18,-12.699346999999761
19,-16.840790000000197
20,-20.909434000001056
21,-0.2831140000016603
