Day,Profit
0,0
1,0
2,0
3,0
4,0
5,0
6,-19.251239999999598
7,0.16177500000048894
8,0.16177500000048894
9,0.16177500000048894
10,-16.50106500000038
11,-0.3235500000009779
12,-0.3235500000009779
13,-0.3235500000009779
14,-0.3235500000009779
15,-21.51609500000086
16,-41.94020500000079
17,-63.537185000001045
18,-63.537185000001045
19,-42.829970000000685
20,-42.829970000000685
21,-22.20365000000129
22,-1.0919950000006793
