Day,Profit
0,0
1,0
2,0
3,0
4,0
5,0
6,-19.251239999999598
7,0.16177500000048894
8,0.16177500000048894
9,0.16177500000048894
10,-16.50106500000038
11,-0.3235500000009779
12,-0.3235500000009779
13,-4.1010000000005675
14,-23.473565000000235
15,-3.2112300000007963
16,1.0272789999999077
17,-19.39683100000002
18,-40.99381100000028
19,-19.275496000000203
20,1.4317190000001574
21,1.4317190000001574
22,1.4317190000001574
23,1.4317190000001574
