Day,Profit
0,0
1,0
2,0
3,0
4,0
5,0
6,0
7,0
8,0
9,-15.570854999999938
10,-15.570854999999938
11,0.6066599999994651
12,0.6066599999994651
13,0.6066599999994651
14,0.6066599999994651
15,0.6066599999994651
16,0.6066599999994651
17,-19.817450000000463
18,1.779529999999795
19,1.779529999999795
20,1.779529999999795
21,1.779529999999795
22,-2.345734000000448
23,1.8765970000004017
