Day,Profit
0,0
1,0
2,0
3,0
4,0
5,0
6,-19.251239999999598
7,0.16177500000048894
8,0.16177500000048894
9,0.16177500000048894
10,-16.50106500000038
11,-0.3235500000009779
12,-0.3235500000009779
13,-7.878450000000157
14,-0.1294240000006539
15,-0.1294240000006539
16,-0.1294240000006539
17,-20.55353400000058
18,-42.15051400000084
19,-42.15051400000084
20,-21.44329900000048
21,-21.44329900000048
22,-0.8169790000010835
23,-0.8169790000010835
