Day,Profit
0,0
1,0
2,0
3,0
4,0
5,0
6,0
7,0
8,0
9,-15.570854999999938
10,1.091985000000932
11,1.091985000000932
12,1.091985000000932
13,1.091985000000932
14,1.091985000000932
15,1.091985000000932
16,1.091985000000932
17,-2.9928369999997813
18,-7.31223300000056
19,-7.31223300000056
20,0.9706530000003113
21,0.9706530000003113
22,0.9706530000003113
