Day,Profit
0,0
1,0
2,0
3,0
4,0
5,0
6,0
7,0
8,0
9,0
10,-16.66284000000087
11,-0.48532500000146683
12,-0.48532500000146683
13,-0.48532500000146683
14,-0.48532500000146683
15,-0.48532500000146683
16,-0.48532500000146683
17,-20.909435000001395
18,-42.50641500000165
19,-20.788100000001577
20,-0.08088500000121712
21,-0.08088500000121712
22,-0.08088500000121712
23,-0.08088500000121712
