Day,Profit
0,0
1,0
2,0
3,0
4,0
5,0
6,0
7,0
8,0
9,-15.570854999999938
10,-15.570854999999938
11,-15.570854999999938
12,0.768434999999954
13,0.768434999999954
14,0.768434999999954
15,0.768434999999954
16,0.768434999999954
17,0.768434999999954
18,-20.828545000000304
19,-42.54686000000038
20,-21.83964500000002
21,-1.4964249999993626
22,-22.12274499999876
23,-1.0110899999981484
