Day,Profit
0,0
1,0
2,0
3,0
4,0
5,0
6,0
7,0
8,0
9,0
10,0
11,0
12,0
13,0
14,0
15,0
16,0
17,0
18,0
19,-21.718315000000075
20,-21.718315000000075
21,-1.375094999999419
22,-1.375094999999419
23,-1.375094999999419
