Day,Profit
0,0
1,0
2,0
3,0
4,0
5,0
6,0
7,0
8,0
9,0
10,-16.66284000000087
11,-32.84035500000027
12,-16.50106500000038
13,2.3861849999993865
14,2.3861849999993865
15,2.3861849999993865
16,2.3861849999993865
17,2.3861849999993865
18,-1.9332110000013927
19,-6.276874000001044
20,-26.984089000001404
21,-47.32730900000206
22,-67.95362900000146
23,-89.06528400000207
