Day,Profit
0,0
1,0
2,0
3,0
4,0
5,0
6,0
7,0
8,0
9,0
10,-16.66284000000087
11,-19.89834300000075
12,-36.23763300000064
13,-17.350383000000875
14,2.022181999998793
15,6.074648999998317
16,-15.117896000001565
17,5.306213999998363
18,5.306213999998363
19,0.9625509999987116
20,5.1039939999991475
21,5.1039939999991475
22,0.9787299999989045
23,5.201060999999754
