Day,Profit
0,0
1,0
2,0
3,0
4,0
5,0
6,0
7,0
8,0
9,-15.570854999999938
10,-15.570854999999938
11,0.6066599999994651
12,0.6066599999994651
13,0.6066599999994651
14,0.6066599999994651
15,0.6066599999994651
16,0.6066599999994651
17,0.6066599999994651
18,-20.990320000000793
19,-42.70863500000087
20,-22.001420000000508
21,-42.344640000001164
22,-62.97096000000056
23,-62.97096000000056
