Day,Profit
0,0
1,0
2,0
3,0
4,0
5,0
6,0
7,0
8,0
9,0
10,-16.66284000000087
11,-32.84035500000027
12,-49.179645000000164
13,-49.179645000000164
14,-29.807080000000497
15,-9.544745000001058
16,11.647799999998824
17,7.562977999998111
18,-14.034002000002147
19,7.684312999997928
20,11.825755999998364
21,11.825755999998364
22,11.825755999998364
23,11.825755999998364
