Day,Profit
0,0
1,0
2,0
3,0
4,0
5,0
6,0
7,0
8,-3.4296329999997397
9,-3.4296329999997397
10,-3.4296329999997397
11,-0.19412999999985914
12,-16.53341999999975
13,-16.53341999999975
14,2.8391449999999168
15,2.8391449999999168
16,2.8391449999999168
17,2.8391449999999168
18,2.8391449999999168
19,2.8391449999999168
20,-17.868070000000444
21,-21.936714000001302
22,-21.936714000001302
23,-0.8250590000006923
