Day,Profit
0,0
1,0
2,0
3,0
4,0
5,0
6,0
7,0
8,0
9,0
10,-16.66284000000087
11,-0.48532500000146683
12,-0.48532500000146683
13,-0.48532500000146683
14,-0.48532500000146683
15,-0.48532500000146683
16,-0.48532500000146683
17,-0.48532500000146683
18,-4.804721000002246
19,-9.148384000001897
20,-0.8654980000010255
21,-0.8654980000010255
22,-0.8654980000010255
