Day,Profit
0,0
1,0
2,0
3,0
4,0
5,0
6,0
7,0
8,0
9,0
10,-16.66284000000087
11,-16.66284000000087
12,-0.3235500000009779
13,-0.3235500000009779
14,-0.3235500000009779
15,-0.3235500000009779
16,-0.3235500000009779
17,-0.3235500000009779
18,-0.3235500000009779
19,-22.041865000001053
20,-22.041865000001053
21,-1.698645000000397
22,-5.82390900000064
23,-1.6015779999997903
