Day,Profit
0,0
1,0
2,0
3,0
4,0
5,0
6,0
7,0
8,0
9,-15.570854999999938
10,-32.23369500000081
11,-16.056180000001405
12,0.2831099999984872
13,0.2831099999984872
14,0.2831099999984872
15,0.2831099999984872
16,0.2831099999984872
17,-3.801712000002226
18,0.5176839999985532
19,0.5176839999985532
20,0.5176839999985532
21,0.5176839999985532
22,0.5176839999985532
23,0.5176839999985532
