Day,Profit
0,0
1,0
2,0
3,0
4,0
5,0
6,-19.251239999999598
7,0.16177500000048894
8,0.16177500000048894
9,0.16177500000048894
10,-16.50106500000038
11,-0.3235500000009779
12,-0.3235500000009779
13,-11.655900000001566
14,-0.03236100000140141
15,-0.03236100000140141
16,-0.03236100000140141
17,-20.45647100000133
18,-42.05345100000159
19,-42.05345100000159
20,-21.346236000001227
21,-21.346236000001227
22,-0.719916000001831
23,-0.719916000001831
