Day,Profit
0,0
1,0
2,0
3,0
4,0
5,0
6,0
7,0
8,0
9,-15.570854999999938
10,-32.23369500000081
11,-16.056180000001405
12,0.2831099999984872
13,0.2831099999984872
14,0.2831099999984872
15,0.2831099999984872
16,0.2831099999984872
17,-3.801712000002226
18,-25.398692000002484
19,-47.11700700000256
20,-67.82422200000292
21,-88.16744200000358
22,-108.79376200000297
23,-87.68210700000236
