Day,Profit
0,0
1,0
2,0
3,0
4,0
5,0
6,-19.251239999999598
7,0.16177500000048894
8,0.16177500000048894
9,0.16177500000048894
10,-3.170792999999321
11,0.06471000000055938
12,0.06471000000055938
13,-7.49018999999862
14,0.25883600000088336
15,0.25883600000088336
16,0.25883600000088336
17,-20.165273999999044
18,-41.7622539999993
19,-20.043938999999227
20,0.6632760000011331
21,0.6632760000011331
22,0.6632760000011331
23,0.6632760000011331
