Day,Profit
0,0
1,0
2,0
3,0
4,0
5,0
6,0
7,0
8,0
9,0
10,0
11,0
12,0
13,0
14,-19.372564999999668
15,-19.372564999999668
16,1.8199800000002142
17,-18.604129999999714
18,-18.604129999999714
19,3.1141850000003615
20,3.1141850000003615
21,3.1141850000003615
22,3.1141850000003615
23,3.1141850000003615
