Day,Profit
0,0
1,0
2,0
3,0
4,0
5,0
6,0
7,0
8,0
9,-15.570854999999938
10,-18.903422999999748
11,-2.725908000000345
12,0.5419499999989057
13,0.5419499999989057
14,0.5419499999989057
15,0.5419499999989057
16,0.5419499999989057
17,0.5419499999989057
18,0.5419499999989057
19,0.5419499999989057
20,0.5419499999989057
21,0.5419499999989057
22,0.5419499999989057
