Day,Profit
0,0
1,-3.4134549999998853
2,-6.810731999999916
3,-10.361697000000277
4,-13.864128000001074
5,-17.552601000001232
6,1.6986389999983658
7,1.6986389999983658
8,-1.569219000000885
9,2.2082309999987046
10,2.2082309999987046
11,-1.8442360000008193
12,2.3942729999998846
13,-1.6905490000008285
14,-6.009945000001608
15,2.6773809999976947
16,-1.4640620000027411
17,2.6045819999981177
18,2.6045819999981177
