Day,Profit
0,0
1,0
2,0
3,0
4,0
5,0
6,0
7,0
8,0
9,0
10,-3.33256799999981
11,-19.510082999999213
12,-3.170792999999321
13,0.6066570000002685
14,0.6066570000002685
15,0.6066570000002685
16,0.6066570000002685
17,0.6066570000002685
18,-3.7127390000005107
19,0.6309239999991405
20,0.6309239999991405
21,0.6309239999991405
22,0.6309239999991405
23,0.6309239999991405
