Day,Profit
0,0
1,-3.4134549999998853
2,-6.810731999999916
3,-10.361697000000277
4,-10.361697000000277
5,-14.050170000000435
6,-17.900418000001082
7,-21.7830210000011
8,-21.7830210000011
9,-24.89719200000036
10,-28.22976000000017
11,-12.052245000000767
12,-2.2486710000011954
13,-2.2486710000011954
14,-2.2486710000011954
15,-2.2486710000011954
16,-6.373935000001438
17,-6.373935000001438
