Day,Profit
0,0
1,0
2,0
3,0
4,0
5,0
6,0
7,0
8,-17.148165000000517
9,-32.719020000000455
10,-16.056179999999586
11,0.12133499999981723
12,-16.217955000000075
13,2.6692949999996927
14,2.6692949999996927
15,2.6692949999996927
16,2.6692949999996927
17,-17.754815000000235
18,3.8421650000000227
19,3.8421650000000227
20,3.8421650000000227
21,-16.501055000000633
22,4.1252649999987625
23,4.1252649999987625
