Day,Profit
0,0
1,0
2,0
3,0
4,0
5,0
6,0
7,0
8,0
9,0
10,-16.25840000000062
11,0.930209999998624
12,0.930209999998624
13,0.930209999998624
14,0.930209999998624
15,0.930209999998624
16,0.930209999998624
17,0.930209999998624
