Day,Profit
0,0
1,0
2,0
3,0
4,0
5,0
6,0
7,0
8,-3.11417099999926
9,0.22648600000138686
10,0.22648600000138686
11,0.22648600000138686
12,0.22648600000138686
13,0.22648600000138686
14,0.22648600000138686
15,0.22648600000138686
16,0.22648600000138686
17,0.22648600000138686
