Day,Profit
0,0
1,0
2,0
3,0
4,0
5,0
6,0
7,-9.221183999999994
8,0.121328999999605
9,0.121328999999605
10,0.121328999999605
11,0.121328999999605
12,0.121328999999605
13,0.121328999999605
14,0.121328999999605
15,0.121328999999605
16,0.121328999999605
17,0.121328999999605
