Sample,Total Profit
0,2.3861849999993865
1,3.5590549999997165
2,-0.48532500000146683
3,2.3861849999993865
4,2.3861849999993865
5,2.3861849999993865
6,-18.725470000001224
7,-18.725470000001224
8,2.8715200000006007
9,2.3861849999993865
