Sample,Total Profit
0,9.941069999998945
1,5.06355000000076
2,5.201060999999754
3,0.41251700000066194
4,9.787383999999292
5,9.277785000000222
6,9.277785000000222
7,9.277785000000222
8,5.969495999999708
9,0.41251700000066194
