Sample,Total Profit
0,-1.375094999999419
1,-1.6015779999997903
2,-1.7633530000002793
3,-1.860420000000886
4,-14.236212000001615
5,-22.066124999999374
6,-2.7501790000005712
7,0
8,0
9,0
