Sample,Total Profit
0,-9.172646000002715
1,-0.7037190000028204
2,-10.677152000002025
3,-6.608508000001166
4,-0.35590200000297045
5,-2.5398690000019997
6,-6.640872000001764
7,0.2588369999994029
8,-1.5773079999999027
9,-6.373935000001438
