Day,Profit
0,0
1,0
2,0
3,0
4,0
5,0
6,-16.58194999999978
7,-31.950590000000375
8,-47.52144500000031
9,-64.22472999999991
10,-47.96632999999929
11,-30.777720000000045
12,-15.004645000000892
13,1.0515349999986938
14,1.0515349999986938
15,1.0515349999986938
16,1.0515349999986938
17,1.0515349999986938
