Day,Profit
0,0
1,0
2,0
3,0
4,0
5,0
6,0
7,0
8,0
9,-15.570854999999938
10,-32.23369500000081
11,-16.056180000001405
12,0.2831099999984872
13,0.2831099999984872
14,0.2831099999984872
15,0.2831099999984872
16,0.2831099999984872
17,-20.14100000000144
18,1.4559799999988172
19,1.4559799999988172
20,1.4559799999988172
21,-2.6126640000020416
22,-6.7379280000022845
23,1.7067339999975957
