Day,Profit
0,0
1,0
2,0
3,0
4,0
5,0
6,0
7,0
8,-3.4296329999997397
9,-19.000487999999677
10,-22.333055999999488
11,-6.155541000000085
12,0.38017500000023574
13,0.38017500000023574
14,0.38017500000023574
15,0.38017500000023574
16,-20.043934999999692
17,1.5530450000005658
18,1.5530450000005658
19,1.5530450000005658
20,-2.515599000000293
21,-6.640863000000536
22,1.8037989999993442
