Day,Profit
0,0
1,0
2,0
3,0
4,0
5,0
6,0
7,0
8,0
9,-15.570854999999938
10,-32.23369500000081
11,-16.056180000001405
12,0.2831099999984872
13,0.2831099999984872
14,0.2831099999984872
15,0.2831099999984872
16,0.2831099999984872
17,0.2831099999984872
18,0.2831099999984872
19,0.2831099999984872
20,0.2831099999984872
21,-3.7855340000023716
22,0.33972999999787135
23,0.33972999999787135
