Day,Profit
0,0
1,0
2,0
3,0
4,0
5,0
6,0
7,0
8,0
9,-15.570854999999938
10,1.091985000000932
11,1.091985000000932
12,1.091985000000932
13,-17.795264999998835
14,-17.795264999998835
15,-17.795264999998835
16,-26.272282999998424
17,-30.357104999999137
18,-8.76012499999888
19,4.270864000001893
20,4.270864000001893
21,4.270864000001893
22,4.270864000001893
