Day,Profit
0,0
1,0
2,0
3,0
4,0
5,0
6,0
7,0
8,-17.148165000000517
9,-32.719020000000455
10,-49.381860000001325
11,-33.20434500000192
12,-16.86505500000203
13,2.022194999997737
14,2.022194999997737
15,2.022194999997737
16,2.022194999997737
17,2.022194999997737
18,2.022194999997737
19,2.022194999997737
20,2.022194999997737
21,2.022194999997737
22,2.022194999997737
23,2.022194999997737
