Day,Profit
0,0
1,0
2,0
3,0
4,0
5,0
6,0
7,0
8,-3.4296329999997397
9,-19.000487999999677
10,-22.333055999999488
11,-6.155541000000085
12,0.38017500000023574
13,0.38017500000023574
14,0.38017500000023574
15,0.38017500000023574
16,-7.789468999999372
17,0.8493230000003678
18,0.8493230000003678
19,0.8493230000003678
20,-3.219321000000491
21,-7.344585000000734
22,1.1000769999991462
