Day,Profit
0,0
1,0
2,0
3,0
4,0
5,0
6,0
7,0
8,0
9,-15.570854999999938
10,-32.23369500000081
11,-32.23369500000081
12,-15.894405000000916
13,2.9928449999988516
14,2.9928449999988516
15,2.9928449999988516
16,2.9928449999988516
17,2.9928449999988516
18,2.9928449999988516
19,2.9928449999988516
20,2.9928449999988516
21,2.9928449999988516
22,2.9928449999988516
23,2.9928449999988516
