Day,Profit
0,0
1,0
2,0
3,0
4,0
5,0
6,0
7,0
8,-17.148165000000517
9,-32.719020000000455
10,-49.381860000001325
11,-33.20434500000192
12,-16.86505500000203
13,2.022194999997737
14,2.022194999997737
15,2.022194999997737
16,2.022194999997737
17,-18.40191500000219
18,3.195064999998067
19,3.195064999998067
20,3.195064999998067
21,-0.8735790000027919
22,-4.998843000003035
23,3.4458189999968454
