Day,Profit
0,0
1,0
2,0
3,0
4,0
5,0
6,0
7,0
8,-3.4296329999997397
9,-19.000487999999677
10,-2.337647999998808
11,-2.337647999998808
12,-2.337647999998808
13,-2.337647999998808
14,-2.337647999998808
15,1.7148190000007162
16,1.7148190000007162
17,1.7148190000007162
18,1.7148190000007162
19,1.7148190000007162
20,1.7148190000007162
21,1.7148190000007162
22,1.7148190000007162
23,1.7148190000007162
