Day,Profit
0,0
1,0
2,0
3,0
4,0
5,0
6,0
7,0
8,-17.148165000000517
9,-32.719020000000455
10,-16.056179999999586
11,0.12133499999981723
12,0.12133499999981723
13,0.12133499999981723
14,0.12133499999981723
15,0.12133499999981723
16,0.12133499999981723
17,-20.30277500000011
18,1.2942050000001473
19,1.2942050000001473
20,1.2942050000001473
21,1.2942050000001473
22,1.2942050000001473
23,1.2942050000001473
